"","Th2","Th4","Th12","Th13","Th15","Th16","Th18","Th20"
"Th2",0,0.00560178865627938,0.0167169611108889,0.00537647634767588,0.00453649261741444,0.00465826641721616,0.0147916245949236,0.0133122113958042
"Th4",0.00560178865627938,0,0.0182507144292217,0.00420808764690982,0.00369778351438759,0.00552364379240702,0.0149155358121347,0.0143019466867631
"Th12",0.0167169611108889,0.0182507144292217,0,0.0184730862372937,0.0179243661622791,0.0168148026630851,0.011014793550374,0.0101159267666173
"Th13",0.00537647634767588,0.00420808764690982,0.0184730862372937,0,0.00393146626284284,0.0060352426908184,0.015462739555599,0.0149269067124114
"Th15",0.00453649261741444,0.00369778351438759,0.0179243661622791,0.00393146626284284,0,0.00483038194763403,0.0148549585975248,0.0144786833542413
"Th16",0.00465826641721616,0.00552364379240702,0.0168148026630851,0.0060352426908184,0.00483038194763403,0,0.014414110778128,0.0128832331670871
"Th18",0.0147916245949236,0.0149155358121347,0.011014793550374,0.015462739555599,0.0148549585975248,0.014414110778128,0,0.010761397509349
"Th20",0.0133122113958042,0.0143019466867631,0.0101159267666173,0.0149269067124114,0.0144786833542413,0.0128832331670871,0.010761397509349,0
